Date,DecimalYear,Mean_SAT,Hydrological_Year,Mean_RIC,Mean_SAT_MA10
2000-10-06,2000.7638603696098,-0.9085533171587414,2001,0.01285713261469141,-0.2001710993385458
2000-10-07,2000.766598220397,-0.8471378710940644,2001,0.012731074635375648,-0.24596961131247702
2000-10-08,2000.7693360711842,0.733624249352723,2001,0.01132111357234979,-0.21381986692310967
2000-10-09,2000.7720739219712,0.6173625788021236,2001,0.010378205878334,-0.15206704886370195
2000-10-10,2000.7748117727583,0.33068480766865416,2001,0.013433713964146195,-0.07744607227473818
2000-10-11,2000.7775496235456,0.40070033754247286,2001,0.014101652385099694,-0.035124119471769896
2000-10-12,2000.7802874743327,0.2658210048554612,2001,0.014117178228896809,0.010649711326573363
2000-10-13,2000.7830253251198,-0.06345276051676788,2001,0.015814827628880198,0.05396805025538589
2000-10-14,2000.7857631759068,-0.2739664709327467,2001,0.030614281090715054,-0.2402776329400596
2000-10-15,2000.7885010266941,-0.6063237532368134,2001,0.04617374401427525,-0.3940657363086507
2000-10-16,2000.7912388774812,-0.4508150091753088,2001,0.06303782195618354,-0.9941953116508622
2000-10-17,2000.7939767282683,-0.413954481805939,2001,0.11151658443336177,-2.034118115852542
2000-10-18,2000.7967145790553,-2.208832582601732,2001,0.15035433243903978,-2.8724717629808287
2000-10-19,2000.7994524298426,-0.9205184548837877,2001,0.18747040148065724,-3.1625089314062045
2000-10-20,2000.8021902806297,-5.67061094575346,2001,0.2319534777787159,-3.243740944176256
2000-10-21,2000.8049281314168,-9.998527704474325,2001,0.250688549685142,-3.517390192796147
2000-10-22,2000.807665982204,-8.117715466427406,2001,0.20997613588486655,-3.607093708003542
2000-10-23,2000.8104038329911,-2.963824444770527,2001,0.2111026687651404,-3.495797250100287
2000-10-24,2000.8131416837782,-1.0862865986332617,2001,0.22022109675528656,-3.130316599466869
2000-10-25,2000.8158795345653,-3.34281623943572,2001,0.23286098489934573,-2.90907566125336
2000-10-26,2000.8186173853526,-1.3478501612492635,2001,0.24817665213211063,-2.5900233778364687
2000-10-27,2000.8213552361397,0.699010097226616,2001,0.2630423233311306,-2.3257244592606883
2000-10-28,2000.8240930869267,1.4459739237324398,2001,0.27731396498065986,-2.3969028129988272
2000-10-29,2000.8268309377138,1.2918909272513082,2001,0.2903942710436028,-3.0862290388442615
2000-10-30,2000.829568788501,-2.480088111584548,2001,0.31227198782485827,-4.254156489715934
2000-10-31,2000.8323066392882,-7.355538518716515,2001,0.33673548469448217,-5.476553781451962
2000-11-01,2000.8350444900752,-8.8294990038088,2001,0.35282579576266865,-7.000396114856073
2000-11-02,2000.8377823408625,-9.857086703224866,2001,0.5291366598173897,-8.517972137769306
2000-11-03,2000.8405201916496,-12.76556110734998,2001,0.5444312007421979,-9.518878328164792
2000-11-04,2000.8432580424367,-15.566789156796007,2001,0.5658065162263214,-10.168392371183183
2000-11-06,2000.848733744011,-16.586273495290374,2001,0.6183258144131285,-10.405032250552614
2000-11-07,2000.851471594798,-14.4767501319057,2001,0.6376815784890807,-10.231681907167072
2000-11-08,2000.8542094455852,-8.563087980222429,2001,0.6452827829258871,-10.369901032383266
2000-11-09,2000.8569472963723,-5.203249502932599,2001,0.6480065900750945,-10.660070877686199
2000-11-10,2000.8596851471596,-4.8464869052788755,2001,0.654452652392783,-10.570476508542185
2000-11-11,2000.8624229979466,-5.622035084861094,2001,0.671847750070448,-10.218426943391547
2000-11-12,2000.8651608487337,-10.211690255970737,2001,0.6840010526537458,-9.88737779262807
2000-11-13,2000.8678986995208,-12.758785156254191,2001,0.7103050616245447,-9.84309427629546
2000-11-14,2000.870636550308,-11.869617415909847,2001,0.7312851859689901,-10.341988236428074
2000-11-15,2000.8733744010951,-12.046293505289624,2001,0.7615900460723087,-10.988194989802505
2000-11-16,2000.8761122518822,-13.275781987655606,2001,0.7874406313319924,-11.995068988784224
2000-11-17,2000.8788501026695,-14.033914968579596,2001,0.8219553652350078,-13.215764201790261
2000-11-18,2000.8815879534566,-13.552027581548575,2001,0.8481479172037796,-14.115150573022499
2000-11-19,2000.8843258042436,-11.665317036676898,2001,0.864396446147408,-14.353751860584065
2000-11-20,2000.8870636550307,-14.915226895096069,2001,0.8719667493141235,-14.542554558261703
2000-11-21,2000.889801505818,-17.828987214921465,2001,0.874808501346507,-14.661665804087846
2000-11-22,2000.892539356605,-19.205553968293117,2001,0.8756639170407562,-14.647256203561597
2000-11-23,2000.8952772073922,-15.144798031869868,2001,0.8716531235618767,-14.604190066847718
2000-11-24,2000.8980150581792,-13.757644392686183,2001,0.8593103383389422,-14.659918538893937
2000-11-25,2000.9007529089665,-13.237405963551083,2001,0.852574290914498,-15.914281114811576
2000-11-26,2000.9034907597536,-13.131685982393096,2001,0.849130661971051,-17.139000613621583
2000-11-27,2000.9062286105407,-13.603253601440812,2001,0.8565868223015113,-17.50826137266707
2000-11-28,2000.908966461328,-14.109312302010762,2001,0.8443008255123604,-17.375249120590578
2000-11-29,2000.911704312115,-24.20894279585327,2001,0.8339482745713941,-18.00994111440088
2000-11-30,2000.914442162902,-27.16242188319615,2001,0.8095827974028461,-19.190332113475087
2000-12-01,2000.9171800136892,-21.521594805376377,2001,0.8323287739887709,-21.021439807410378
2000-12-02,2000.9199178644765,-17.875431447528182,2001,0.8510599923870896,-22.622370660966727
2000-12-03,2000.9226557152635,-21.491717969972868,2001,0.8554700341159499,-23.79812664510266
2000-12-04,2000.9253935660506,-25.561554383428255,2001,0.8438494273822419,-24.151339655783694
2000-12-05,2000.9281314168377,-31.54848290290398,2001,0.836903167827517,-22.959912442594735
2000-12-06,2000.930869267625,-29.14099451795658,2001,0.8386311788142736,-21.29573139337107
2000-12-07,2000.933607118412,-25.360813442800143,2001,0.8254515748088368,-20.3358582275146
2000-12-08,2000.9363449691991,-17.641442408821106,2001,0.8064307673726075,-19.880382365437686
2000-12-09,2000.9390828199862,-12.2946706639637,2001,0.8059442714208899,-19.3551638141517
2000-12-10,2000.9418206707735,-10.5206113909595,2001,0.6916480913676829,-18.19214587729135
2000-12-11,2000.9445585215606,-11.922863146811661,2001,0.6810568225240874,-16.290818589143857
2000-12-12,2000.9472963723476,-13.320672826759045,2001,0.6791569143877442,-14.632807175489571
2000-12-13,2000.950034223135,-16.239532457113047,2001,0.67987443846308,-13.40991110581778
2000-12-14,2000.952772073922,-13.931375014824726,2001,0.6777220211981402,-13.079358115639991
2000-12-15,2000.955509924709,-12.535210021429032,2001,0.6898228734040953,-13.408567349998284
2000-12-16,2000.9582477754961,-12.560880381413742,2001,0.6900336383271879,-14.164852491724835
2000-12-17,2000.9609856262834,-13.131852746082231,2001,0.7006457815462198,-14.90105553131607
2000-12-18,2000.9637234770705,-14.335912507043206,2001,0.7135799832484345,-15.580080900268616
2000-12-19,2000.9664613278576,-15.58676300754666,2001,0.7283357423245606,-16.110331371257836
2000-12-20,2000.9691991786447,-18.08346280822499,2001,0.7392821291969617,-16.7069036947828
2000-12-21,2000.971937029432,-19.284893542724017,2001,0.8239683009664498,-17.40195495080827
2000-12-22,2000.974674880219,-20.110926516284515,2001,0.8429283397064357,-18.057430255324142
2000-12-23,2000.977412731006,-21.542037167005244,2001,0.8424775957160199,-18.929048162795844
2000-12-24,2000.9801505817934,-19.897098250074343,2001,0.8451019264702648,-20.144775159330642
2000-12-25,2000.9828884325805,-19.48572258168376,2001,0.8528498727158876,-21.59099297369423
2000-12-26,2000.9856262833675,-19.115633426572476,2001,0.8567019865656672,-23.09309146852657
2000-12-27,2000.9883641341546,-21.848031820799207,2001,0.8620597726076906,-24.57446637010085
2000-12-28,2000.991101984942,-26.49318247239122,2001,0.8593244871404462,-25.644882438288818
2000-12-29,2000.993839835729,-30.048941151182525,2001,0.8550463170955785,-26.320315409904993
2000-12-30,2000.996577686516,-33.10444775654839,2001,0.8546797460209556,-27.315585564184282
2000-12-31,2000.9993155373031,-34.09864255846681,2001,0.8559069263528911,-28.71861230565248
2001-01-01,2001.0,-30.81508719816419,2001,0.8524386727026774,-30.459515071659233
2001-01-02,2001.002737850787,-28.29636688316699,2001,0.8554641440473535,-31.686883244096997
2001-01-03,2001.0054757015744,-29.84979979286729,2001,0.853793688126889,-31.956020765191294
2001-01-04,2001.0082135523614,-33.51598999636568,2001,0.8524143652254262,-31.656881375801344
2001-01-05,2001.0109514031485,-36.524661086639995,2001,0.8585936272187339,-31.399450589253455
2001-01-06,2001.0136892539356,-34.12171354517688,2001,0.8602786948454698,-31.36940168387583
2001-01-07,2001.0164271047229,-29.184557683334177,2001,0.856467322933966,-31.701231492154978
2001-01-08,2001.01916495551,-27.057547257283,2001,0.8573690402358468,-31.53581797065933
2001-01-09,2001.021902806297,-30.5301398910695,2001,0.8600549543877256,-30.63370032306533
2001-01-10,2001.024640657084,-33.79815350469057,2001,0.8607445258386782,-28.881482510802407
2001-01-11,2001.0273785078714,-34.13338528095571,2001,0.8539100887125132,-26.429593538507095
2001-01-12,2001.0301163586585,-26.642231668210474,2001,0.8647588689016905,-24.222558641104477
2001-01-13,2001.0328542094455,-20.82862331692731,2001,0.8667143167140983,-22.695867513220975
2001-01-14,2001.0355920602328,-15.993811873736457,2001,0.8691080665354602,-21.393163385788906
2001-01-15,2001.03832991102,-12.005771363686845,2001,0.8709528291282892,-19.77883491674135
2001-01-16,2001.041067761807,-12.051364571150721,2001,0.8581072855283532,-17.686915384317338
2001-01-17,2001.043805612594,-13.917646404499155,2001,0.8607194606872395,-16.132992982798516
2001-01-18,2001.0465434633813,-14.030505982962321,2001,0.8696765224244754,-15.922021540262767
2001-01-19,2001.0492813141684,-14.386855200593931,2001,0.890809167384971,-16.08940918450194
2001-01-20,2001.0520191649555,-12.87895818045044,2001,0.9072046445911366,-16.76381672524969
2001-01-21,2001.0547570157426,-18.59416126576748,2001,0.9146861638066948,-17.869225287101617
2001-01-22,2001.0574948665299,-24.53251724285301,2001,0.9146765996675517,-18.4501491132608
2001-01-23,2001.060232717317,-22.502499759319022,2001,0.919869714880571,-18.765634106654726
2001-01-24,2001.062970568104,-22.737887281213975,2001,0.9205825546901166,-19.635365482826494
2001-01-25,2001.065708418891,-23.059856982206096,2001,0.9268218058733945,-21.189957333743568
2001-01-26,2001.0684462696784,-17.860602832742543,2001,0.9320345324077988,-23.012555373738838
2001-01-27,2001.0711841204654,-17.07249633843842,2001,0.9380547777022901,-23.957591072415404
2001-01-28,2001.0739219712525,-22.727819744680023,2001,0.9448138273679764,-24.31776496731288
2001-01-29,2001.0766598220398,-29.93277370976465,2001,0.9483294637103946,-25.397956518717326
2001-01-30,2001.0793976728269,-31.104938580403154,2001,0.9588287908718448,-26.789243983616633
2001-01-31,2001.082135523614,-28.044518252533113,2001,0.9594737421244972,-27.842685513047325
2001-02-01,2001.084873374401,-28.1342561918278,2001,0.9429263921524434,-28.791036511916058
2001-02-02,2001.0876112251883,-33.30441527336348,2001,0.9447518314481514,-29.414822991662685
2001-02-03,2001.0903490759754,-36.65076193020704,2001,0.9459950879675998,-29.261743957816595
2001-02-04,2001.0930869267625,-33.59427227651303,2001,0.9432129260121366,-28.24574444293315
2001-02-05,2001.0958247775495,-27.344112821429892,2001,0.9415169704729717,-26.99349498959476
2001-02-06,2001.0985626283368,-23.31036113590469,2001,0.9422711002657457,-25.73174202236077
2001-02-07,2001.101300479124,-21.197029406219098,2001,0.7895065843163576,-24.4313182443125
2001-02-08,2001.104038329911,-19.77277856093022,2001,0.7882359785580229,-22.534140708742118
2001-02-10,2001.1095140314853,-18.582444047019194,2001,0.775238805564708,-20.29035685701745
2001-02-11,2001.1122518822724,-15.426988580193296,2001,0.7641368929857578,-18.640094545328015
2001-02-12,2001.1149897330595,-15.13001841134504,2001,0.7662683898876403,-17.51165490760159
2001-02-13,2001.1177275838468,-14.332639917659659,2001,0.7653748857481788,-16.4358681911857
2001-02-14,2001.1204654346338,-14.212923412960338,2001,0.7648182264288084,-15.660246236401326
2001-02-15,2001.123203285421,-17.091649159618694,2001,0.77139285296828,-15.721343852761876
2001-02-16,2001.125941136208,-16.059716444165606,2001,0.7692053788079274,-16.12249767284502
2001-02-17,2001.1286789869953,-12.552493971745875,2001,0.7549118921397249,-16.279841634681343
2001-02-18,2001.1314168377824,-13.44080985837532,2001,0.9366998366535494,-16.000551308824402
2001-02-19,2001.1341546885694,-20.383754724535727,2001,0.940573768647886,-15.923621654800186
2001-02-20,2001.1368925393565,-22.59398224785062,2001,0.9345355609746759,-15.821995754710724
2001-02-21,2001.1396303901438,-17.000428198556527,2001,0.9265926424599106,-15.597670033846512
2001-02-22,2001.1423682409309,-12.337115152775642,2001,0.928422417053697,-15.415701128494254
2001-02-23,2001.145106091718,-13.563343377417516,2001,0.9325468966640508,-15.500590522932544
2001-02-24,2001.1478439425052,-13.19666441206573,2001,0.9345951122144822,-15.816180980748722
2001-02-25,2001.1505817932923,-14.848391950976525,2001,0.9352164489481065,-15.314823429546953
2001-02-26,2001.1533196440794,-14.24002739064305,2001,0.9353638205887438,-14.392036175089146
2001-02-27,2001.1560574948664,-13.401387916128774,2001,0.9338666046242412,-14.622311714201839
2001-02-28,2001.1587953456537,-16.596714436537102,2001,0.9324525416314436,-15.273570783162617
2001-03-01,2001.1615331964408,-15.370179212518021,2001,0.9390208127074834,-15.342533585854682
2001-03-02,2001.1642710472279,-13.366109703272533,2001,0.9399050213770087,-15.066791367181832
2001-03-03,2001.167008898015,-19.303183589683496,2001,0.9458488685258877,-14.069739149104668
2001-03-04,2001.1697467488023,-18.849705842383404,2001,0.9581729032500673,-13.172173244167624
2001-03-05,2001.1724845995893,-14.25297140433818,2001,0.9587796868885725,-12.47026923120892
2001-03-06,2001.1752224503764,-10.439242225337223,2001,0.9560603798605457,-11.754890860025785
2001-03-07,2001.1779603011637,-4.8778697702048905,2001,0.9529733467322412,-11.461637382170185
2001-03-08,2001.1806981519508,-5.2643683412726014,2001,0.9525680081609366,-11.045278679880091
2001-03-09,2001.1834360027378,-6.3823477865417475,2001,0.9487368033076904,-9.540438481056679
2001-03-10,2001.186173853525,-9.442930724705736,2001,0.9448868770684122,-7.9452012642810415
2001-03-11,2001.1889117043122,-12.437644433962028,2001,0.9457976314012888,-6.746439615042601
2001-03-12,2001.1916495550993,-9.202522680371588,2001,0.9479543809302915,-5.922301213512805
2001-03-13,2001.1943874058863,-4.254781601449374,2001,0.95088558688277,-6.072601236608316
2001-03-14,2001.1971252566734,-2.8973336746270366,2001,0.9548350055341307,-6.730971837563902
2001-03-15,2001.1998631074607,-2.265354911953773,2001,0.9571407208097104,-7.302168719816568
2001-03-16,2001.2026009582478,-2.1978582100392607,2001,0.9583572631842437,-7.733184525216667
2001-03-17,2001.2053388090349,-6.38087000116,2001,0.9587314323684405,-7.798233528790351
2001-03-18,2001.208076659822,-11.84807435082847,2001,0.9576656046175712,-8.1892138596234
2001-03-19,2001.2108145106092,-12.094316609068402,2001,0.9568843420376653,-8.702802855189528
2001-03-20,2001.2135523613963,-13.75308877870673,2001,0.9576941711511855,-8.978801119429582
2001-03-21,2001.2162902121834,-13.088134469698865,2001,0.9582920064616784,-9.081840492486602
2001-03-22,2001.2190280629707,-13.112325988702084,2001,0.9552490441055789,-9.149774047347972
2001-03-23,2001.2217659137577,-9.390671557110645,2001,0.9533147860787782,-8.943778093649298
2001-03-24,2001.2245037645448,-5.65731631702757,2001,0.9536459122741751,-8.055346569597486
2001-03-25,2001.2272416153319,-3.2957486425239946,2001,0.9450471923775887,-7.035922075496506
2001-03-26,2001.2299794661192,-2.877193758652945,2001,0.9425068197704547,-5.899808062153321
2001-03-27,2001.2327173169062,-4.3209104641732665,2001,0.9403477167868536,-4.948081875769196
2001-03-28,2001.2354551676933,-2.963759110310344,2001,0.9380146277978322,-4.138711504131591
2001-03-29,2001.2381930184804,-1.9000716680586025,2001,0.932748559084363,-3.5859543865933716
2001-03-30,2001.2409308692677,-2.3919486452748755,2001,0.9227763195690449,-3.1680583856409124
2001-03-31,2001.2436687200548,-3.570872605857627,2001,0.9196153028455818,-2.90499916440113
2001-04-01,2001.2464065708418,-5.018622272326034,2001,0.9089020726934198,-2.9803778553825273
2001-04-02,2001.2491444216291,-3.8631003817284406,2001,0.9107542614271795,-3.4651368431147986
2001-04-03,2001.2518822724162,-1.4783563075029829,2001,0.9101090149004673,-3.89151059487548
2001-04-04,2001.2546201232033,-0.6651564301261689,2001,0.908536205706038,-3.8168970482548685
2001-04-05,2001.2573579739903,-3.63098066846692,2001,0.9126242625913693,-3.5976580089114827
2001-04-06,2001.2600958247776,-9.168500341495974,2001,0.9097947037214703,-3.236477731506107
2001-04-07,2001.2628336755647,-7.227496627917159,2001,0.9030299836720512,-2.5741484325190647
2001-04-08,2001.2655715263518,-1.1539362018524926,2001,0.8991493755694121,-1.995385222183455
2001-04-09,2001.2683093771388,-0.19955825184101025,2001,0.8912816632244762,-1.6462648954288555
2001-04-10,2001.2710472279261,0.04093016819612472,2001,0.891255986291516,-1.5226575785596919
2001-04-11,2001.2737850787132,1.604670717544389,2001,0.8839462137794792,-1.3666999907494695
2001-04-12,2001.2765229295003,1.9245317216276592,2001,0.8781123098090347,-0.7719075293805431
2001-04-13,2001.2792607802876,2.012846960043015,2001,0.862616296135405,-0.01607278351358892
2001-04-14,2001.2819986310747,0.5709167385654632,2001,0.8393322425826674,0.39576338009756107
2001-04-15,2001.2847364818617,-2.0714047903646957,2001,0.8207860965812468,0.8112415807282272
2001-04-16,2001.2874743326488,-3.220575727806711,2001,0.8082114373169867,1.1286522900324258
2001-04-17,2001.290212183436,0.3308508307523829,2001,0.7886066394220219,1.4097434997032061
2001-04-18,2001.2929500342232,2.9644254342590073,2001,0.7669553914752273,1.8302778325137712
2001-04-19,2001.2956878850102,3.955223754465652,2001,0.736193616695985,2.0904699142780747
2001-04-20,2001.2984257357973,3.2150372612381104,2001,0.706773114782699,2.2488522360253302
2001-04-21,2001.3011635865846,4.4155828142521925,2001,0.6696141086740798,2.31185635232493
2001-04-22,2001.3039014373717,6.129875049733308,2001,0.6399040281825245,2.3463073083097665
2001-04-23,2001.3066392881587,4.6147677776860485,2001,0.6148069593902177,2.323797524564691
2001-04-24,2001.3093771389458,2.1547399560380223,2001,0.5709884853059399,2.2446616926301433
2001-04-25,2001.3121149897331,-1.4413636273687007,2001,0.5314641092339519,1.8020543726594975
2001-04-26,2001.3148528405202,-2.8760661679583444,2001,0.4825269390453868,1.5978498194435837
2001-04-27,2001.3175906913073,0.10575299330162953,2001,0.42533428293480646,1.589205801299337
2001-04-28,2001.3203285420946,2.173067114913529,2001,0.38042079044848287,1.5337940034337167
2001-04-29,2001.3230663928816,-0.470849445240806,2001,0.3444383255259443,1.7778236407596495
2001-04-30,2001.3258042436687,1.172991729078971,2001,0.30453941901710835,2.3135666230672585
2001-05-01,2001.3285420944558,4.329142632809725,2001,0.2819394027496629,3.4097659158693707
2001-05-02,2001.331279945243,5.5757570710771045,2001,0.2567614390284143,4.8152414805979555
2001-05-03,2001.3340177960301,7.055064150945375,2001,0.22931067153190574,5.966984904441233
2001-05-04,2001.3367556468172,7.512169779114114,2001,0.2153869644811747,6.765769979618645
2001-05-05,2001.3394934976043,9.520629300652425,2001,0.19781011015810676,7.667624311386589
2001-05-06,2001.3422313483916,11.178689479327495,2001,0.17919184674278416,8.159940746573929
2001-05-07,2001.3449691991786,11.623187231734414,2001,0.1513118526340462,8.170633128413
2001-05-08,2001.3477070499657,10.160917866687644,2001,0.13408632706932894,8.351649294054948
2001-05-09,2001.350444900753,8.547693872438638,2001,0.11491100903996054,8.689316272867305
2001-05-10,2001.35318275154,6.09615608095236,2001,0.10679861537944008,9.137761930377753
2001-05-11,2001.3559206023272,4.4360664512004515,2001,0.09450787518925659,9.304354204390158
2001-05-12,2001.3586584531142,7.385918727496576,2001,0.07838786944119061,9.277526568339322
2001-05-13,2001.3613963039015,10.431733939068936,2001,0.06857194208386086,8.8632730122661
2001-05-14,2001.3641341546886,11.996626354218604,2001,0.06639203523934303,8.519237408431275
2001-05-15,2001.3668720054757,11.186552040776466,2001,0.059652164566882854,8.158934502073581
2001-05-16,2001.3696098562627,10.910413118819138,2001,0.05059188606588634,7.9142458376058995
2001-05-17,2001.37234770705,7.480651671002192,2001,0.03674088423473078,8.053578074839018
2001-05-18,2001.375085557837,6.720561828339396,2001,0.026972870078133964,8.456350573002737
2001-05-19,2001.3778234086242,4.944664808861714,2001,0.01883829494119094,9.058154980170421
2001-05-20,2001.3805612594113,3.649269436275544,2001,0.014887047546194911,9.542293046278662
2001-05-21,2001.3832991101985,5.829388823531625,2001,0.012934281870475003,10.196048243748375
2001-05-22,2001.3860369609856,11.413643709133774,2001,0.01015128232108083,11.134333549010712
2001-05-23,2001.3887748117727,16.449778010745785,2001,0.008493525286612546,12.2957931755064
2001-05-24,2001.39151266256,16.838007015300985,2001,0.006542404999061959,13.332532261024374
2001-05-25,2001.394250513347,17.72410401547362,2001,0.00513179096491767,14.40460726335807
2001-05-26,2001.3969883641341,20.2932661714425,2001,0.00447177465556076,15.575357918632672
2001-05-27,2001.3997262149212,19.09524793595909,2001,0.0032019379517557196,16.492469926395348
2001-05-28,2001.4024640657085,17.087952683519134,2001,0.0021894122070141115,16.957311341223306
2001-05-29,2001.4052019164956,15.665414832198682,2001,0.001959167689205796,16.841348656183204
2001-05-30,2001.4079397672826,15.356775989021548,2001,0.0016471461069975232,16.65979659716027
2001-05-31,2001.4106776180697,15.000508901158366,2001,0.0016404699632245826,16.291528609548955
2001-06-01,2001.413415468857,16.062057857413368,2001,0.0014626475498994674,15.63297302727542
2001-06-02,2001.416153319644,15.290151160344756,2001,0.001314362439421007,14.889129998334322
2001-06-03,2001.4188911704312,15.02248642507164,2001,0.0010785730538448938,14.274042555391068
2001-06-04,2001.4216290212185,14.041424139360496,2001,0.001069239233442478,13.821448990548742
2001-06-05,2001.4243668720055,13.707710348707137,2001,0.001185765602036451,13.425720012573162
2001-06-06,2001.4271047227926,11.656817646548113,2001,0.001654430761930428,13.272000718031185
2001-06-07,2001.4298425735797,10.937078254086597,2001,0.0022411337985927954,13.176705259013943
2001-06-08,2001.432580424367,11.139479183775412,2001,0.0027175898638369662,13.227590096586175
2001-06-09,2001.435318275154,11.399486209265755,2001,0.0030353317571008187,13.315341725859074
2001-06-10,2001.438056125941,13.463315955738596,2001,0.0030249345434057964,13.339791268362145
2001-06-11,2001.4407939767282,15.10910326724093,2001,0.0032504592467726295,13.446662936385795
2001-06-12,2001.4435318275155,15.798999536067097,2001,0.0037032647056203997,13.91369417796839
2001-06-13,2001.4462696783025,15.900002717800632,2001,0.004155634618248583,14.43049821066154
2001-07-05,2001.5065023956195,14.28591956439122,2001,0.004599020176068646,14.82184140416874
2001-07-06,2001.5092402464065,14.776427028943631,2001,0.004997794277192107,15.106066003118377
2001-07-07,2001.5119780971936,16.327130062374046,2001,0.00542323880596185,15.109012822780931
2001-07-08,2001.514715947981,16.105118581018097,2001,0.005165833117578652,15.081718109128772
2001-07-09,2001.517453798768,15.052911118847424,2001,0.004808131099283236,15.171669270721685
2001-07-10,2001.520191649555,14.241732198762113,2001,0.005149623813184399,15.349333260711884
2001-07-11,2001.5229295003423,13.492784152364134,2001,0.005722247932922036,15.740251450695364
2001-07-12,2001.5256673511294,14.836156130719356,2001,0.005856930002273488,16.07129358524977
2001-07-13,2001.5284052019165,16.698511151996208,2001,0.005541118051860682,16.332425182651225
2001-07-14,2001.5311430527036,17.676642617702637,2001,0.00468500110338049,16.694491363868853
2001-07-15,2001.5338809034909,18.195101464226006,2001,0.004805461415149024,17.0363304326759
2001-07-16,2001.536618754278,18.08684837448767,2001,0.004782395973431151,17.160941656292316
2001-07-17,2001.539356605065,18.938446036388605,2001,0.00479217551113234,17.123730119938568
2001-07-18,2001.542094455852,19.725780393194363,2001,0.004971971268023916,17.019825873839814
2001-07-19,2001.5448323066394,18.47130180691793,2001,0.00520898008272991,16.82643972126632
2001-07-20,2001.5475701574264,15.48784443492623,2001,0.005433236064235911,16.439256385122686
2001-07-21,2001.5503080082135,13.120668788826709,2001,0.005131500615725215,15.824861274493813
2001-07-22,2001.5530458590006,13.797113669731797,2001,0.003948629593637516,15.229347109485172
2001-07-23,2001.5557837097879,14.764649626261248,2001,0.003654885877027893,14.719405984812719
2001-07-24,2001.558521560575,13.804809256266333,2001,0.003147380144427566,14.21061694427804
2001-07-25,2001.561259411362,12.05115035793725,2001,0.002320515202303535,13.979781937513607
2001-07-26,2001.5639972621493,12.131706724401296,2001,0.001988703902273475,13.941080039708353
2001-07-27,2001.5667351129364,13.83903478966404,2001,0.001384748047327294,14.25986932845646
2001-07-28,2001.5694729637235,14.637889987847604,2001,0.0008805644219119998,14.727891609162418
2001-07-29,2001.5722108145105,16.162951739273577,2001,0.0005901164729157206,15.318168637028936
2001-07-30,2001.5749486652978,15.100825456873704,2001,0.00045629193024745133,16.13678026059755
2001-07-31,2001.577686516085,16.30856167630775,2001,0.00035647256050871175,17.055182800830273
2001-08-01,2001.580424366872,18.47733647679139,2001,0.0003949384060395076,17.938583959660082
2001-08-02,2001.583162217659,20.667419904926433,2001,0.0004591406117068151,18.687131957196645
2001-08-03,2001.5859000684463,21.990925491952485,2001,0.00039793740598093307,19.322439156326613
2001-08-04,2001.5886379192334,21.235175760264447,2001,0.000355629380368228,19.598680999890725
2001-08-05,2001.5913757700205,20.965718312699394,2001,0.0002940081147090639,19.78447962378773
2001-08-06,2001.5941136208078,21.32451476502967,2001,0.000235536115430761,19.700530200832908
2001-08-07,2001.5968514715948,20.990961979147308,2001,0.00023695046402321562,19.262916557040235
2001-08-08,2001.599589322382,18.92537017491471,2001,0.00028515620859219436,18.597372001272923
2001-08-09,2001.602327173169,16.958811695843718,2001,0.00034680802031619056,17.816710387300787
2001-08-10,2001.6050650239563,15.469067446759531,2001,0.00039922928083786297,17.22299441437933
2001-08-11,2001.6078028747434,14.101200038864635,2001,0.00045037359918419337,16.775059174898765
2001-08-12,2001.6105407255304,14.01197434725338,2001,0.0004429827589277245,16.441757554805157
2001-08-13,2001.6132785763175,14.184309352231095,2001,0.00035513754071056394,16.23987356447708
2001-08-14,2001.6160164271048,15.298016031049844,2001,0.0004134455078877309,16.15681484826066
2001-08-15,2001.6187542778919,16.486365917893764,2001,0.0005842564948602506,16.138874422730236
2001-08-16,2001.621492128679,17.99149856409361,2001,0.0006696318512988092,16.146072995297278
2001-08-17,2001.624229979466,18.972122075866533,2001,0.0010199899609680664,16.121062428922972
2001-08-18,2001.6269678302533,18.094783012750455,2001,0.0017652396261162357,16.05555577692952
2001-08-19,2001.6297056810404,16.779407440539543,2001,0.0022329116815807486,15.882826624809482
2001-08-20,2001.6324435318274,15.541053172429951,2001,0.0025531298835784846,15.568165637419014
2001-08-21,2001.6351813826147,13.851094375121551,2001,0.002940501839489979,15.23815891573491
2001-08-22,2001.6379192334018,13.356907827318873,2001,0.003059635416170925,14.770874581156585
2001-08-23,2001.640657084189,12.457017831030708,2001,0.0030602596252149016,14.122555611996802
2001-08-24,2001.643394934976,12.15140615714517,2001,0.0036675921262141094,13.60520950666091
2001-08-25,2001.6461327857633,13.186298701052726,2001,0.004319422035578266,13.273660367709194
2001-08-26,2001.6488706365503,13.318655218310354,2001,0.003654820821597546,13.04462001340163
2001-08-27,2001.6516084873374,12.488932384268702,2001,0.002243950724731214,12.865714196123779
2001-08-28,2001.6543463381245,12.921321959391536,2001,0.0015997710547624652,12.779162725919013
2001-08-29,2001.6570841889118,13.46391605102238,2001,0.0008390638719485925,12.879392465877476
2001-08-30,2001.6598220396988,13.250649629354301,2001,0.000698636982467927,13.025856832258304
2001-08-31,2001.662559890486,12.062036202343045,2001,0.0004573949871115172,13.00733795166018
2001-09-01,2001.6652977412732,12.491393125271236,2001,0.00033852654572032143,12.857825733817984
2001-09-02,2001.6680355920603,13.459315230615319,2001,0.0003013715558438586,12.854372650574225
2001-09-03,2001.6707734428473,13.616049820953451,2001,0.00019359930839361875,12.914943086781665
2001-09-04,2001.6735112936344,13.00110989507147,2001,0.00011913438797329477,12.821013820503888
2001-09-05,2001.6762491444217,11.823533039888428,2001,0.00010315095173097682,12.600347042478822
2001-09-06,2001.6789869952088,12.454401551831092,2001,6.421523471528895e-05,12.316483733233305
2001-09-07,2001.6817248459959,13.527026321465936,2001,4.430953146523938e-05,11.80196900113584
2001-09-08,2001.684462696783,12.524623388244603,2001,4.39826126301951e-05,11.24990547562596
2001-09-09,2001.6872005475702,11.043981849103654,2001,4.3542000053883036e-05,10.664049911182996
2001-09-10,2001.6899383983573,9.22340310988788,2001,5.1587281521026874e-05,10.10031424656459
2001-09-11,2001.6926762491444,7.346245804296569,2001,3.209796967363348e-05,9.611918463992751
2001-09-12,2001.6954140999314,7.938679975516514,2001,2.768968126659887e-05,9.0700890724648
2001-09-13,2001.6981519507187,7.757494176523842,2001,3.3682154757338706e-05,8.514527822587763
2001-09-14,2001.7008898015058,7.363753248887399,2001,2.6196470660974232e-05,8.145518765137448
2001-09-15,2001.7036276522929,6.939575214170043,2001,1.819009547027896e-05,7.915135277361233
2001-09-16,2001.7063655030802,7.036107636551562,2001,3.836596003485462e-05,7.773420626048543
2001-09-17,2001.7091033538672,7.971413822695574,2001,5.969203476954727e-05,7.835661782457256
2001-09-18,2001.7118412046543,8.834532813741458,2001,6.491359147471097e-05,7.966303460501223
2001-09-19,2001.7145790554414,8.740146971341513,2001,6.224911315951615e-05,8.064700804623232
2001-09-20,2001.7173169062287,7.806256596760956,2001,6.406156031275647e-05,8.169966063437581
2001-09-21,2001.7200547570158,7.9686573683837185,2001,0.0006683499324263504,8.261117323996864
2001-09-22,2001.7227926078028,9.245096755956185,2001,0.001338784691358135,8.315142182584847
2001-09-23,2001.72553045859,8.741467617743936,2001,0.0021848803274183053,8.26207651139888
2001-09-24,2001.7282683093772,8.416405837030863,2001,0.006959369468222305,7.890547825229417
2001-09-25,2001.7310061601643,7.851087819762886,2001,0.008565235568655244,7.276467452040059
2001-09-26,2001.7337440109513,7.576356222431381,2001,0.008648523924657623,6.91161239047765
2001-09-27,2001.7364818617386,7.440757110835921,2001,0.009502059332287264,6.650841772895419
2001-09-28,2001.7392197125257,5.119245952046819,2001,0.013332833381548418,6.1899214344504205
2001-09-29,2001.7419575633128,2.5993432394479354,2001,0.015314181327989502,5.532563728694942
2001-09-30,2001.7446954140999,4.157705981136872,2001,0.02047655279125922,5.023162954362597
2001-10-01,2001.7474332648871,5.360951192561406,2002,0.04401488088244534,4.641771530282021
2001-10-02,2001.7501711156742,4.635893371506203,2002,0.03718859569463026,4.294162479654547
2001-10-03,2001.7529089664613,2.1678905601891483,2002,0.030950253022436505,3.9586379973278243
2001-10-04,2001.7556468172484,3.322398093707411,2002,0.028472603899945683,3.79971699918777
2001-10-05,2001.7583846680357,4.03717357895713,2002,0.02905971247605456,3.74878361134925
2001-10-06,2001.7611225188227,4.100265716156644,2002,0.032236201182772595,3.369109473113908
2001-10-07,2001.7638603696098,4.085512287568687,2002,0.036874386415863415,2.8615540524735517
2001-10-08,2001.766598220397,3.530035970646276,2002,0.036445490112084845,2.400704897585861
2001-10-09,2001.7693360711842,2.090009361062735,2002,0.04108011308293823,2.0250091849292797
2001-10-10,2001.7720739219712,0.3609645987834588,2002,0.032628741424508514,1.5147805074077272
2001-10-11,2001.7748117727583,0.2853969861578359,2002,0.04143057615692465,0.9461248921413261
2001-10-12,2001.7775496235456,0.02740182262929694,2002,0.04981933236350557,0.40887646578980785
2001-10-13,2001.7802874743327,-1.5890665663766612,2002,0.07947038641044538,-0.06428064421636073
2001-10-14,2001.7830253251198,-1.7798886815081152,2002,0.11270770214028406,-0.7546989683747836
2001-10-15,2001.7857631759068,-1.6493825737068815,2002,0.16648131911589278,-1.6897023151211024
2001-10-16,2001.7885010266941,-1.272218547358539,2002,0.20123942090079966,-2.5864815407778847
2001-10-17,2001.7912388774812,-0.646058812492999,2002,0.2181876463733165,-3.4744551313347904
2001-10-18,2001.7939767282683,-3.3741472709379523,2002,0.22981255403832118,-4.184769146931608
2001-10-19,2001.7967145790553,-7.260024106400453,2002,0.2696821794921766,-4.691537259777926
2001-10-20,2001.7994524298426,-8.606827657784368,2002,0.31353390210844057,-5.105922402416377
2001-10-21,2001.8021902806297,-8.59433891941122,2002,0.34257137994637316,-5.527032875402346
2001-10-22,2001.8049281314168,-7.075738333338873,2002,0.42769049177785545,-5.8001064452766595
2001-10-23,2001.807665982204,-6.656747694839838,2002,0.4477520353301213,-6.199617687057815
2001-10-24,2001.8104038329911,-5.923740107892637,2002,0.4687326262190651,-6.39633520042588
2001-10-25,2001.8131416837782,-5.860487303566561,2002,0.48919686111020416,-5.915089526014457
2001-10-26,2001.8158795345653,-4.002954246101683,2002,0.5448303698715078,-5.217214098321682
2001-10-27,2001.8186173853526,-4.641171230304551,2002,0.5236543065140701,-4.5287035454046904
2001-10-28,2001.8213552361397,-5.341322404618598,2002,0.5336729829024984,-4.095345815707535
2001-10-29,2001.8240930869267,-2.4475673622862244,2002,0.5554277074403299,-3.563802090707761
2001-10-30,2001.8268309377138,-1.628073380856622,2002,0.5555579323443103,-3.0322646905097654
2001-10-31,2001.829568788501,-1.7092333902413035,2002,0.5568137282860198,-2.667948604690122
2001-11-01,2001.8323066392882,-2.742161036367322,2002,0.4770131116742763,-2.5919155998408865
2001-11-02,2001.8350444900752,-1.3413104448420967,2002,0.46790450410492884,-2.2292391657730306
2001-11-03,2001.8377823408625,-0.6083661059126781,2002,0.4769612038242555,-1.8575279587179465
2001-11-04,2001.8405201916496,-2.2173264453701247,2002,0.49038350701057964,-2.418890597246766
2001-11-05,2001.8432580424367,-3.2426241976093277,2002,0.5004090099603883,-3.2625228317690356
2001-11-06,2001.8459958932237,-1.0144068896259966,2002,0.4934880514844342,-3.6050353883807866
2001-11-07,2001.848733744011,-1.6242103340677552,2002,0.48384046862632235,-3.4695272762253078
2001-11-08,2001.851471594798,-8.061193747574416,2002,0.47348564584201797,-3.5355342653237978
2001-11-09,2001.8542094455852,-10.06439572607932,2002,0.47112639306951726,-3.508164822426443
2001-11-10,2001.8569472963723,-5.134358956358812,2002,0.47672340068996816,-3.5658390261658566
2001-11-11,2001.8596851471596,-1.38707991481253,2002,0.48684030347227936,-3.6314403199451384
2001-11-12,2001.8624229979466,-2.0013803358270037,2002,0.5267450018176353,-4.036185424507581
2001-11-13,2001.8651608487337,-0.33467167693912586,2002,0.5447517436516055,-4.6001462919018525
2001-11-14,2001.8678986995208,-2.7940684827642626,2002,0.571058685515909,-4.5222404537395615
2001-11-15,2001.870636550308,-3.8986371354021467,2002,0.62517372717009,-4.169147468383565
2001-11-16,2001.8733744010951,-5.061857935250425,2002,0.6512251013839628,-4.683261799963735
2001-11-17,2001.8761122518822,-7.263819008010467,2002,0.6865261388525473,-5.898945490308486
2001-11-18,2001.8788501026695,-7.282135365951502,2002,0.7371687256853391,-7.1104699347368605
2001-11-19,2001.8815879534566,-6.533465872519364,2002,0.7772347828973968,-8.506589670399853
2001-11-20,2001.8843258042436,-10.275502272160509,2002,0.808660494932528,-9.637374966054335
2001-11-21,2001.8870636550307,-13.543916818260035,2002,0.8260607759405262,-10.743436356454662
2001-11-22,2001.889801505818,-14.116624780110756,2002,0.8362979209589766,-12.014770426377487
2001-11-23,2001.892539356605,-14.295869033569042,2002,0.8503381599225773,-13.203901011717955
2001-11-24,2001.8952772073922,-14.101921439309086,2002,0.8694997507175588,-14.515995444292765
2001-11-25,2001.8980150581792,-14.959251039405428,2002,0.8675345215213361,-15.732102482702723
2001-11-26,2001.9007529089665,-17.77519863447868,2002,0.8629482647590094,-16.192966873834727
2001-11-27,2001.9034907597536,-19.15512486141511,2002,0.8627563621286606,-16.121828902580877
2001-11-28,2001.9062286105407,-20.40307969169962,2002,0.8694229284516821,-16.093856846499374
2001-11-29,2001.908966461328,-18.694536256618946,2002,0.8687103366577511,-16.16414551580849
2001-11-30,2001.911704312115,-14.88414618348059,2002,0.8616648216097773,-16.129280018747178
2001-12-01,2001.914442162902,-12.832537105721466,2002,0.8638341041215408,-15.81160575947816
2001-12-02,2001.9171800136892,-13.836904219295771,2002,0.8550041714267366,-15.355966195794153
2001-12-03,2001.9199178644765,-14.998755726660175,2002,0.843721608888345,-15.678767238417814
2001-12-04,2001.9226557152635,-13.753266468695973,2002,0.8310981508398599,-16.37431869022227
2001-12-05,2001.9253935660506,-11.782508446715257,2002,0.8175643616634874,-17.146914096485656
2001-12-06,2001.9281314168377,-13.218802997638601,2002,0.8128568098234992,-17.831380589276293
2001-12-07,2001.930869267625,-22.383135287651708,2002,0.8251888037366351,-18.30739695768399
2001-12-08,2001.933607118412,-27.358594209744215,2002,0.8310365903416389,-18.638830776578033
2001-12-09,2001.9363449691991,-26.42049031925278,2002,0.8292440390482516,-19.041305971448487
2001-12-10,2001.9390828199862,-21.728811111386964,2002,0.8239809980843218,-19.740377488198163
2001-12-11,2001.9418206707735,-17.59270078979844,2002,0.8252788487316597,-20.873266075974943
2001-12-12,2001.9445585215606,-17.151242408236207,2002,0.8167028407572902,-21.86746505757319
2001-12-13,2001.9472963723476,-19.02350767536472,2002,0.830540783306295,-21.49588265712665
2001-12-14,2001.950034223135,-20.743981636192725,2002,0.8231081144749349,-20.360775853493877
2001-12-15,2001.952772073922,-23.11139432448306,2002,0.8275404632898941,-19.019543878849728
2001-12-16,2001.955509924709,-23.160792813621065,2002,0.8249756000901298,-18.233111503156483
2001-12-17,2001.9582477754961,-18.667311283186347,2002,0.8287820756201926,-18.00515760660367
2001-12-18,2001.9609856262834,-16.007526173416448,2002,0.8360577697298732,-17.463859011184685
2001-12-19,2001.9637234770705,-13.008170572811295,2002,0.8444717900307268,-17.018734839291092
2001-12-20,2001.9664613278576,-13.864487354454477,2002,0.8517201042314492,-16.34201309200939
2001-12-21,2001.9691991786447,-15.313161824270338,2002,0.8552409552961387,-15.476876407813952
2001-12-22,2001.971937029432,-11.738256454046352,2002,0.8565806176313119,-14.392299110446292
2001-12-23,2001.974674880219,-14.5722659564288,2002,0.866423437988789,-14.038948057659795
2001-12-24,2001.977412731006,-13.976764163375703,2002,0.8450525610001761,-13.979577886185814
2001-12-25,2001.9801505817934,-14.460027482528684,2002,0.8507345916704616,-14.286122994000177
2001-12-26,2001.9828884325805,-12.315019839944423,2002,0.8441472030464227,-13.963765786557307
2001-12-27,2001.9856262833675,-15.133800755321415,2002,0.8403029550984104,-13.231972715203435
2001-12-28,2001.9883641341546,-15.41382445867663,2002,0.8372208498212623,-12.777485985902072
2001-12-29,2001.991101984942,-16.073621650954937,2002,0.842041689648349,-12.46044429119564
2001-12-30,2001.993839835729,-10.640915280025768,2002,0.8400682166199136,-12.716203574323066
2001-12-31,2001.996577686516,-7.995231110731606,2002,0.839508641039611,-13.560272521624984
2002-01-01,2002.0,-7.193389161032734,2002,0.8430218886229882,-14.432054365685332
2002-01-02,2002.002737850787,-11.4018490093645,2002,0.8477845782066142,-14.499749744797677
2002-01-03,2002.0054757015744,-16.53435699464995,2002,0.8407537645133604,-14.929505287682383
2002-01-04,2002.0082135523614,-22.90071695554784,2002,0.8637399808138014,-15.652575254980201
2002-01-05,2002.0109514031485,-21.032838280547928,2002,0.8522346991158274,-16.97117854684334
2002-01-06,2002.0136892539356,-15.810754546444882,2002,0.8586804923892897,-18.584847901467274
2002-01-07,2002.0164271047229,-19.711379887523695,2002,0.8614747758653352,-20.499728562113507
2002-01-08,2002.01916495551,-23.304321323933088,2002,0.8653241651324659,-21.822155639355547
2002-01-09,2002.021902806297,-23.826948198657156,2002,0.8621537197932834,-21.83095198328142
2002-01-10,2002.024640657084,-24.131924656970938,2002,0.8644289677654184,-20.666161716790903
2002-01-11,2002.0273785078714,-26.34219576749507,2002,0.8593665085411067,-19.4548260998245
2002-01-12,2002.0301163586585,-24.626119781784883,2002,0.8522429853852527,-19.177639984998915
2002-01-13,2002.0328542094455,-16.622320433908694,2002,0.8569249155044322,-19.315052772707368
2002-01-14,2002.0355920602328,-11.252814290642682,2002,0.864635199304133,-18.937059365962273
2002-01-15,2002.03832991102,-8.919482110883916,2002,0.869806523697676,-17.624142193734972
2002-01-16,2002.041067761807,-13.038893398189023,2002,0.882241625223161,-16.34105380473626
2002-01-17,2002.043805612594,-21.085507764608195,2002,0.8599643947300982,-14.830735213240988
2002-01-18,2002.0465434633813,-19.52438725648218,2002,0.8445325656479274,-13.381229956246823
2002-01-19,2002.0492813141684,-10.697776476384107,2002,0.8245040133383325,-12.662623160308758
2002-01-20,2002.0520191649555,-11.301040766983832,2002,0.8155037229183144,-12.340821166145158
2002-01-21,2002.0547570157426,-11.239009852542344,2002,0.830524162037412,-12.229014000027437
2002-01-22,2002.0574948665299,-10.131067211843247,2002,0.8477287850495681,-11.900368507446334
2002-01-23,2002.060232717317,-9.43625247452804,2002,0.843905079977826,-10.253701639530949
2002-01-24,2002.062970568104,-8.034794349006688,2002,0.8426021597947095,-8.910816215909122
2002-01-25,2002.065708418891,-7.8014104497067045,2002,0.8355929731533907,-8.43678346158257
2002-01-26,2002.0684462696784,-9.752438472378005,2002,0.8473747581395654,-8.107205740742424
2002-01-27,2002.0711841204654,-4.61883908545432,2002,0.8542034540870386,-7.659322436505718
2002-01-28,2002.0739219712525,-6.095533020263919,2002,0.8778693080533979,-7.771573570702339
2002-01-29,2002.0766598220398,-5.957448933118594,2002,0.8890962641226318,-8.662915477736863
2002-01-30,2002.0793976728269,-8.005263558582367,2002,0.9022547121955584,-9.992044029299027
2002-01-31,2002.082135523614,-6.760176810175281,2002,0.9063911855305306,-11.486423962658112
2002-02-01,2002.084873374401,-11.253578553809453,2002,0.9212847179857788,-12.752183742201856
2002-02-02,2002.0876112251883,-18.34967154487327,2002,0.899457523248179,-13.919794718161086
2002-02-03,2002.0903490759754,-21.32607986462835,2002,0.898755445655344,-14.507084748521734
2002-02-04,2002.0930869267625,-22.745209783297533,2002,0.8985964933965598,-14.921283687369243
2002-02-05,2002.0958247775495,-22.410036267815467,2002,0.8942877806923868,-14.97183320188481
2002-02-06,2002.0985626283368,-16.294948845046598,2002,0.887830218141414,-15.100295508879034
2002-02-07,2002.101300479124,-11.968433323870416,2002,0.8914608316543453,-14.949298802491393
2002-02-08,2002.104038329911,-10.099438321593693,2002,0.8934504603764298,-14.112918962216824
2002-02-09,2002.1067761806983,-8.510758703737993,2002,0.8841794769057317,-12.845036086098503
2002-02-10,2002.1095140314853,-8.044799880117559,2002,0.8714427133102244,-11.220988019676154
2002-02-11,2002.1122518822724,-9.743611489933036,2002,0.8679279034428155,-9.401423720923663
2002-02-12,2002.1149897330595,-9.985873142127577,2002,0.8180120642703237,-8.12033441275463
2002-02-13,2002.1177275838468,-8.647251103445143,2002,0.8403380226327867,-7.382101116954717
2002-02-14,2002.1204654346338,-6.504729119074057,2002,0.8559265164547298,-6.913785777109078
2002-02-15,2002.123203285421,-4.21439328029054,2002,0.8538822569006665,-6.893215397252964
2002-02-16,2002.125941136208,-3.4840557633562765,2002,0.8701341640679571,-6.8774922757278905
2002-02-17,2002.1286789869953,-4.5861003658712685,2002,0.8802735036514673,-6.4761958330581395
2002-02-18,2002.1314168377824,-5.416284923137314,2002,0.8852435343451786,-6.0198567026196566
2002-02-19,2002.1341546885694,-8.305054905176863,2002,0.890545837931251,-5.79561015431703
2002-02-20,2002.1368925393565,-7.887568664866808,2002,0.8680744618226918,-6.003449096142385
2002-02-21,2002.1396303901438,-5.7306470632355335,2002,0.8726543191004933,-6.577623132222641
2002-02-22,2002.1423682409309,-5.422481837742742,2002,0.8923513305225196,-7.242123907806113
2002-02-23,2002.145106091718,-6.404785620418885,2002,0.8999055615468146,-7.7961070989647
2002-02-24,2002.1478439425052,-8.583118537327604,2002,0.9038639161006583,-8.161268558412628
2002-02-25,2002.1505817932923,-9.956133641093098,2002,0.9084742500321868,-8.010595362952168
2002-02-26,2002.1533196440794,-10.129063519191007,2002,0.8853739588269299,-7.725205012850568
2002-02-27,2002.1560574948664,-10.125932277457133,2002,0.8852491588125894,-7.486146271502018
2002-02-28,2002.1587953456537,-9.0678995176166,2002,0.8875331786676766,-7.18492785313943
2002-03-01,2002.1615331964408,-6.7983229505722536,2002,0.8833670763771985,-6.699058120535781
2002-03-02,2002.1642710472279,-5.0336651638508005,2002,0.8744778314845385,-6.320418747536069
2002-03-03,2002.167008898015,-3.340059649750044,2002,0.8948267566079343,-5.852648447495517
2002-03-04,2002.1697467488023,-2.4102976541168655,2002,0.8976915060147862,-4.9875996751634935
2002-03-05,2002.1724845995893,-1.5460882943823964,2002,0.8927906428124953,-3.9721372484798474
2002-03-06,2002.1752224503764,-4.79672480733048,2002,0.8739335348508849,-3.298607604261965
2002-03-07,2002.1779603011637,-5.27843064068758,2002,0.8608003369552655,-3.0051270963473184
2002-03-08,2002.1806981519508,-1.4785757958707717,2002,0.8692945507505656,-2.779146122557106
2002-03-09,2002.1834360027378,0.028691989379332043,2002,0.8882789687353946,-2.9256108610315747
2002-03-10,2002.186173853525,-2.3326030754377785,2002,0.8718955278866654,-3.5141701703833848
2002-03-11,2002.1889117043122,-3.8635178714257874,2002,0.8769757691880178,-4.366669540436857
2002-03-12,2002.1916495550993,-2.773855425948674,2002,0.882303635651906,-4.533867540441122
2002-03-13,2002.1943874058863,-4.804707034494736,2002,0.9089515986289285,-4.470304887724705
2002-03-14,2002.1971252566734,-8.295890747634962,2002,0.9111401550353807,-5.668364696771305
2002-03-15,2002.1998631074607,-10.07108199491712,2002,0.9119236192541148,-6.910871427936844
2002-03-16,2002.2026009582478,-6.468704807373125,2002,0.9189446068435404,-7.9813258222965855
2002-03-17,2002.2053388090349,-4.642804113523413,2002,0.9212333934316628,-8.981924860031667
2002-03-30,2002.2409308692677,-13.459173886336773,2002,0.9255414125298966,-10.106760448686504
2002-03-31,2002.2436687200548,-12.396375322276054,2002,0.9247500288235498,-10.875315594455852
2002-04-01,2002.2464065708418,-13.037147019035192,2002,0.9187962594863012,-11.016796092044164
2002-04-02,2002.2491444216291,-13.869508248776608,2002,0.9193083894540757,-10.666143251433267
2002-04-03,2002.2518822724162,-14.022211312497042,2002,0.9198522489397084,-10.44455888743426
2002-04-04,2002.2546201232033,-12.490258492188222,2002,0.91944563946078,-10.21777938072668
2002-04-05,2002.2573579739903,-9.710695723518068,2002,0.920242596664949,-9.101942235098045
2002-04-06,2002.2600958247776,-6.564553588808169,2002,0.9183735541612275,-8.497665094493053
2002-04-07,2002.2628336755647,-4.2528611673830525,2002,0.9191197041317125,-8.018026394595145
2002-04-08,2002.2655715263518,-2.375009046447613,2002,0.9152814274482063,-6.996157027673581
2002-04-09,2002.2683093771388,-2.300802430050419,2002,0.9065080586883817,-6.1614705961996785
2002-04-10,2002.2710472279261,-6.353603916226132,2002,0.8938676994705148,-5.281163891294764
2002-04-11,2002.2737850787132,-8.240760020056118,2002,0.8812431022002404,-4.368145300004712
2002-04-12,2002.2765229295003,-3.6508145795609637,2002,0.8689579415068553,-3.552850066887919
2002-04-18,2002.2929500342232,-5.67534699775801,2002,0.8580311852976317,-2.8546767272991143
2002-04-19,2002.2956878850102,-3.687191443139079,2002,0.8405517387301569,-2.2486657384678908
2002-04-20,2002.2984257357973,-0.5805098106175463,2002,0.828792762242827,-1.5540671472620333
2002-04-21,2002.3011635865846,1.5883987423597565,2002,0.8109741874230688,-0.45045609620352084
2002-04-22,2002.3039014373717,2.728872228504995,2002,0.7911842841329402,0.7078442126076532
2002-04-23,2002.3066392881587,3.685100841864626,2002,0.7546603484016197,0.9814428207789575
2002-04-24,2002.3093771389458,4.645183482008154,2002,0.736141153248447,1.6865336975713112
2002-04-25,2002.3121149897331,4.682506594358992,2002,0.7085089504419289,2.169445168316896
2002-04-26,2002.3148528405202,3.342243068055622,2002,0.6817732534995388,2.28235505722204
2002-04-27,2002.3175906913073,-0.914828497847919,2002,0.6535649782070146,2.4589537242604123
2002-04-28,2002.3203285420946,1.3755617701655258,2002,0.622076534150997,2.749226746273405
2002-04-29,2002.3230663928816,1.1419232643167696,2002,0.5922834217551022,3.0439994207307093
2002-04-30,2002.3258042436687,0.5485890784338897,2002,0.5662310399107876,3.4607151993333245
2002-05-01,2002.3285420944558,3.3543854127434827,2002,0.543736079244699,3.980262200156178
2002-05-02,2002.331279945243,5.631602448634919,2002,0.5270706783058668,4.3765920859745036
2002-05-03,2002.3340177960301,6.632827586437672,2002,0.5053349595791196,4.8949607899162215
2002-05-04,2002.3367556468172,8.812341268034302,2002,0.4839187893711872,5.151202148589225
2002-05-05,2002.3394934976043,9.877976602587529,2002,0.4580155931005259,5.502210877120138
2002-05-06,2002.3422313483916,7.305541926238877,2002,0.4233535013813525,5.893329058849711
2002-05-07,2002.3449691991786,4.268858541569263,2002,0.3595639309039383,6.0713270681466245
2002-05-08,2002.3477070499657,3.9379753568955556,2002,0.3142691263935808,6.134204195797449
2002-05-09,2002.350444900753,4.652010549625903,2002,0.27808372840216194,6.293330006571794
2002-05-10,2002.35318275154,4.4597708957296245,2002,0.2432476950051341,5.972155625449483
2002-05-11,2002.3559206023272,5.1343655057126165,2002,0.2112208710538083,5.28102885290789
2002-05-12,2002.3586584531142,6.260373725143157,2002,0.2048287016295531,4.859454513313843
2002-05-13,2002.3613963039015,8.22408569418112,2002,0.1936468432635974,4.816310695099345
2002-05-14,2002.3641341546886,5.600597456811202,2002,0.18263857301483458,5.038209916846743
2002-05-15,2002.3668720054757,2.9667088771716,2002,0.13932748969240516,5.8025151748678505
2002-05-16,2002.3696098562627,3.089798530298407,2002,0.11048527113212811,6.87350926792976
2002-05-17,2002.37234770705,3.837420359424276,2002,0.09174264578776296,8.036264163188223
2002-05-18,2002.375085557837,6.156967574369532,2002,0.07478129037518501,9.065646333755055
2002-05-19,2002.3778234086242,12.295063129836986,2002,0.0653033975436691,9.463755832525703
2002-05-20,2002.3805612594113,15.169711826348715,2002,0.058698806771500876,9.850297576832679
2002-05-21,2002.3832991101985,16.76191445829725,2002,0.05323283691433964,10.481121657823753
2002-05-22,2002.3860369609856,16.55419543081147,2002,0.04099914023399481,11.414444160672144
2002-05-23,2002.3887748117727,12.20518068188762,2002,0.025173403054359368,12.346284867281172
2002-05-24,2002.39151266256,9.46601489988096,2002,0.013921229921298421,12.799512813803066
2002-05-25,2002.394250513347,9.274949687082334,2002,0.009360872224898382,12.473311410770684
2002-05-26,2002.3969883641341,12.42302355878232,2002,0.009007537460244148,11.807149432660882
2002-05-27,2002.3997262149212,13.155827425514547,2002,0.008504324199062592,10.932732235440515
2002-05-28,2002.4024640657085,10.689247039588459,2002,0.00789742227947535,10.079133887450316
2002-05-29,2002.4052019164956,9.033049099513184,2002,0.007457910720831468,9.696748758909704
2002-05-30,2002.4079397672826,8.50809204525069,2002,0.006467692181851383,9.725700393535611
2002-05-31,2002.4106776180697,8.017742486093582,2002,0.0043241739293013075,9.866521581751464
2002-06-01,2002.413415468857,8.018211950909485,2002,0.0039018321036150337,9.710229463901241
2002-06-02,2002.416153319644,8.3813293964815,2002,0.003896213465980266,9.464695983155616
2002-06-03,2002.4188911704312,9.755531246140025,2002,0.003697322917819853,9.47323966833547
2002-06-04,2002.4216290212185,10.68316156924086,2002,0.0035614895356447782,9.70974434613196
2002-06-05,2002.4243668720055,10.860102380280093,2002,0.0027685983279220772,10.138500117807903
2002-06-06,2002.4271047227926,10.700492618058298,2002,0.002666284034898234,10.750445642131584
2002-06-07,2002.4298425735797,10.77468389138701,2002,0.00269645727061194,11.333817527505536
2002-06-08,2002.432580424367,11.398095877478074,2002,0.0024118860188454393,11.777548212031924
2002-06-09,2002.435318275154,12.795649762010111,2002,0.002183092592981225,12.077902161577947
2002-06-10,2002.438056125941,14.137197729330392,2002,0.0017054927622881506,12.326720401708101
2002-06-11,2002.4407939767282,13.851930804649024,2002,0.0015080370690089993,12.631561732720177
2002-06-12,2002.4435318275155,12.818636241745358,2002,0.0017743713581575182,13.350916067469507
2002-06-13,2002.4462696783025,12.759070741600262,2002,0.002007780267162484,14.318844526955141
2002-06-14,2002.4490075290896,13.171343970542408,2002,0.0020198945056072886,15.174106987113309
2002-06-15,2002.4517453798767,13.908515690400854,2002,0.0023938927302364662,15.833744530781848
2002-06-16,2002.454483230664,17.894035965551588,2002,0.002743239748689883,16.346453770561418
2002-06-17,2002.457221081451,20.453968486243365,2002,0.0030833741159354724,16.86327842642874
2002-06-18,2002.4599589322381,19.950720479059754,2002,0.003209899826673467,17.394819595602417
2002-06-19,2002.4626967830254,19.392025198695496,2002,0.0037241635505148142,17.90822859192318
2002-06-20,2002.4654346338125,19.26429012712609,2002,0.00374733585969298,18.3408972765194
2002-06-21,2002.4681724845996,19.020177363322233,2002,0.00403198934579673,18.78361224812128
2002-06-22,2002.4709103353866,18.13404793348212,2002,0.004726335685894541,18.844799224107664
2002-06-23,2002.473648186174,17.89316070480791,2002,0.00484085741408294,18.461515621689948
2002-06-24,2002.476386036961,17.498030816504606,2002,0.004657635233978649,17.934137541995614
2002-06-25,2002.479123887748,18.33566540641966,2002,0.0047544427462240645,17.431675716316942
2002-06-26,2002.4818617385351,18.505905725415413,2002,0.004621740096606003,17.03798854314832
2002-06-27,2002.4845995893224,16.621132462066193,2002,0.005089780002896722,16.86430309219805
2002-06-28,2002.4873374401095,14.676939682116425,2002,0.005240546722160704,16.85553535091652
2002-06-29,2002.4900752908966,14.367406941908781,2002,0.006589873778856192,16.979191095688787
2002-06-30,2002.4928131416839,15.32741839543987,2002,0.006937329453959484,17.21375244944442
2002-07-01,2002.495550992471,17.283322853819527,2002,0.009015953341205075,17.4561657355919
2002-07-02,2002.498288843258,18.04637052066682,2002,0.009482832028012934,17.462105267589795
2002-07-03,2002.501026694045,19.129718152530568,2002,0.009524015281673924,17.440154993952216
2002-07-04,2002.5037645448324,19.843644354060967,2002,0.01026032036942419,17.768581457646395
2002-07-05,2002.5065023956195,20.759798267894432,2002,0.012336413600466514,18.290922218118396
2002-07-06,2002.5092402464065,18.56530104539437,2002,0.014758336211814467,18.666919051346568
2002-07-07,2002.5119780971936,16.401629725690402,2002,0.01679700806082311,18.58661451695278
2002-07-08,2002.514715947981,17.96120431905821,2002,0.018363609428557477,18.1898106583177
2002-07-09,2002.517453798768,19.590814546628827,2002,0.019922714640539768,17.494886356913188
2002-07-10,2002.520191649555,19.087386727721565,2002,0.020377833657476186,16.78574751327462
2002-07-11,2002.5229295003423,16.480277509881617,2002,0.020469668117835207,16.046094316515752
2002-07-12,2002.5256673511294,14.078331934316049,2002,0.02087280982018414,15.660056439304665
2002-07-13,2002.5284052019165,12.180475138485438,2002,0.022540372960728645,15.479836673204579
2002-07-14,2002.5311430527036,12.752255917675312,2002,0.02427727409039041,15.265193815160236
2002-07-15,2002.5338809034909,13.363266300305733,2002,0.02725021394687372,14.93445692307317
2002-07-16,2002.536618754278,14.704922273283493,2002,0.02292214301326081,14.570222983193071
2002-07-17,2002.539356605065,14.59943206468957,2002,0.018617394554342474,14.287218263537103
2002-07-18,2002.542094455852,15.814775738614749,2002,0.013230678465890511,14.221430225525092
2002-07-19,2002.5448323066394,16.2834456257582,2002,0.011850812916363295,14.505935737685737
2002-07-20,2002.5475701574264,15.445047328920552,2002,0.0106034125925968,14.920263844173764
2002-07-21,2002.5503080082135,13.650230313321916,2002,0.01007733060014693,15.434595030547857
2002-07-22,2002.5530458590006,13.420451554195973,2002,0.009186685105150532,15.997118967799537
2002-07-23,2002.5557837097879,15.025530260091877,2002,0.008689689451162361,16.745487960903944
2002-07-24,2002.558521560575,16.895536982555562,2002,0.008704559941094956,16.814897949305156
2002-07-25,2002.561259411362,18.506578164046676,2002,0.009485073561829383,16.767006815826345
2002-07-26,2002.5639972621493,20.330161645800285,2002,0.010649649741288245,16.558517564353764
2002-07-27,2002.5667351129364,22.083121995733666,2002,0.010805898293583997,16.45615765467037
2002-08-10,2002.6050650239563,16.50887562262688,2002,0.0120906743163226,16.45574597203579
2002-08-11,2002.6078028747434,15.80453429097007,2002,0.013234734010289429,16.281120640202428
2002-08-12,2002.6105407255304,13.360154814194747,2002,0.014166868479023228,15.932923671034501
2002-08-13,2002.6132785763175,12.626631216487997,2002,0.013843852083146986,15.406914408330087
2002-08-14,2002.6160164271048,13.416334727850144,2002,0.014454634977074521,14.805518263843457
2002-08-15,2002.6187542778919,13.279276941758257,2002,0.016043366630742642,14.122525023623965
2002-08-16,2002.621492128679,13.413567290876317,2002,0.01617468887174948,14.035104118543137
2002-08-17,2002.624229979466,13.246485537002531,2002,0.02016307075200759,13.869815955626922
2002-08-18,2002.6269678302533,14.31620020093396,2002,0.021023743860657147,13.818417986332815
2002-08-19,2002.6297056810404,15.25318959353875,2002,0.01902594546617213,13.780436269396171
2002-08-20,2002.6324435318274,15.634666571818629,2002,0.018482380859979018,13.658332531730718
2002-08-21,2002.6351813826147,14.151652661807912,2002,0.01760095254809498,13.529115933194692
2002-08-22,2002.6379192334018,12.846175121253667,2002,0.0164702358204073,13.288710825998347
2002-08-23,2002.640657084189,12.246814047121559,2002,0.0141200443090897,12.934380726259892
2002-08-24,2002.643394934976,12.195297351195602,2002,0.013072183520573277,12.485885330880773
2002-08-25,2002.6461327857633,11.987110956397997,2002,0.014450387671986713,11.992773018683975
2002-08-26,2002.6488706365503,11.009516218912884,2002,0.017965295054173998,11.489168588353357
2002-08-27,2002.6516084873374,9.703184539617958,2002,0.015546079001809626,11.279096396329575
2002-08-28,2002.6543463381245,9.831246247142781,2002,0.012842079451371986,11.363754724356676
2002-08-29,2002.6570841889118,10.322066471570787,2002,0.006036401889729669,11.431467050743597
2002-08-30,2002.6598220396988,10.598622268512434,2002,0.006057361534632858,11.294337135373958
2002-08-31,2002.662559890486,12.05093074157009,2002,0.006256808263745594,11.080329974189533
2002-09-01,2002.6652977412732,13.692758401524676,2002,0.005332757224466683,10.984515809104199
2002-09-02,2002.6680355920603,12.92393731099078,2002,0.003400634197143337,10.958903572053043
2002-09-03,2002.6707734428473,10.823998197499202,2002,0.003457089881474388,10.965817070955488
2002-09-04,2002.6735112936344,9.847039344553746,2002,0.0034586398629899355,11.07962485010275
2002-09-05,2002.6762491444217,10.051374568059565,2002,0.0033886272496369617,11.093839082609932
2002-09-06,2002.6789869952088,9.447062169106376,2002,0.0034722196632675255,10.839854255640471
2002-09-07,2002.6817248459959,9.90038123616724,2002,0.004390589726141478,10.03792830532806
2002-09-08,2002.684462696783,11.460144263043409,2002,0.0048592280847645376,9.39522893105514
2002-09-09,2002.6872005475702,10.740764593584263,2002,0.004538767295137428,9.202171232133459
2002-09-10,2002.6899383983573,9.511082471875476,2002,0.003921762347155894,9.440075042122032
2002-09-16,2002.7063655030802,5.673498898400574,2002,0.003155228287459773,9.658127652831734
2002-09-17,2002.7091033538672,6.496943568261567,2002,0.0031982842869506096,9.861025504307424
2002-09-18,2002.7118412046543,8.893421208282383,2002,0.0036785336797737073,9.516667667695504
2002-09-19,2002.7145790554414,12.226077444439488,2002,0.0034167696534526592,8.711151780057653
2002-09-20,2002.7173169062287,12.231900675156561,2002,0.004127245659395094,8.045628719387798
2002-09-21,2002.7200547570158,11.4760406838633,2002,0.008435351325927477,7.711089547659562
2002-09-22,2002.7227926078028,6.456802870048033,2002,0.011135832829329331,7.628561081368784
2002-09-23,2002.72553045859,3.4049853866649014,2002,0.0120564616216766,7.446118090160004
2002-09-24,2002.7282683093772,4.085533986885706,2002,0.013253787873186334,6.8215994363198735
2002-09-25,2002.7310061601643,6.165690754593116,2002,0.013763013015903477,5.821049158232762
2002-09-26,2002.7337440109513,4.8482142354928035,2002,0.015796547960804527,4.995791834989546
